{"accuracy": 0.1702166646718979, "loss": 2.2520763874053955}