{"accuracy": 0.25270000100135803, "loss": 2.088536024093628}