{"accuracy": 0.36321666836738586, "loss": 2.0191307067871094}