{"accuracy": 0.13761666417121887, "loss": 2.2708075046539307}