{"accuracy": 0.26626667380332947, "loss": 2.0912249088287354}