{"accuracy": 0.9906666874885559, "loss": 0.057571277022361755}